{
  "faces_data": {
    "triangles_vertices": [
      [0.3473111156283457, -0.3473111156283457, 0.3473111156283457],
      [-0.3473111156283457, -0.3473111156283457, 0.3473111156283457],
      [0.3473111156283457, 0.3473111156283457, 0.3473111156283457],
      [-0.3473111156283457, 0.3473111156283457, 0.3473111156283457],
      [0.3473111156283457, 0.3473111156283457, -0.3473111156283457],
      [0.3473111156283457, -0.3473111156283457, -0.34731111562834566],
      [-0.3473111156283457, -0.3473111156283457, -0.3473111156283457],
      [-0.3473111156283457, 0.3473111156283459, -0.3473111156283457]
    ],
    "triangles": [
      [7, 6, 3],
      [3, 6, 1],
      [0, 2, 3],
      [1, 0, 3],
      [4, 3, 2],
      [7, 3, 4],
      [5, 0, 1],
      [1, 6, 5],
      [5, 2, 0],
      [5, 4, 2],
      [5, 6, 7],
      [7, 4, 5]
    ],
    "faces": [
      [
        [-0.3473111156283457, -0.3473111156283457, 0.3473111156283457],
        [-0.3473111156283457, -0.3473111156283457, -0.3473111156283457],
        [-0.3473111156283457, 0.3473111156283459, -0.3473111156283457],
        [-0.3473111156283457, 0.3473111156283457, 0.3473111156283457]
      ],
      [
        [-0.3473111156283457, 0.3473111156283459, -0.3473111156283457],
        [-0.3473111156283457, -0.3473111156283457, -0.3473111156283457],
        [0.3473111156283457, -0.3473111156283457, -0.34731111562834566],
        [0.3473111156283457, 0.3473111156283457, -0.3473111156283457]
      ],
      [
        [-0.3473111156283457, 0.3473111156283457, 0.3473111156283457],
        [0.3473111156283457, 0.3473111156283457, 0.3473111156283457],
        [0.3473111156283457, 0.3473111156283457, -0.3473111156283457],
        [-0.3473111156283457, 0.3473111156283459, -0.3473111156283457]
      ],
      [
        [-0.3473111156283457, -0.3473111156283457, 0.3473111156283457],
        [0.3473111156283457, -0.3473111156283457, 0.3473111156283457],
        [0.3473111156283457, -0.3473111156283457, -0.34731111562834566],
        [-0.3473111156283457, -0.3473111156283457, -0.3473111156283457]
      ],
      [
        [-0.3473111156283457, -0.3473111156283457, 0.3473111156283457],
        [0.3473111156283457, -0.3473111156283457, 0.3473111156283457],
        [0.3473111156283457, 0.3473111156283457, 0.3473111156283457],
        [-0.3473111156283457, 0.3473111156283457, 0.3473111156283457]
      ],
      [
        [0.3473111156283457, 0.3473111156283457, 0.3473111156283457],
        [0.3473111156283457, -0.3473111156283457, 0.3473111156283457],
        [0.3473111156283457, -0.3473111156283457, -0.34731111562834566],
        [0.3473111156283457, 0.3473111156283457, -0.3473111156283457]
      ]
    ]
  },
  "b1": [0.6946222312566914, 0.0, 0.0],
  "b2": [0.0, 0.6946222312566914, 0.0],
  "b3": [0.0, 0.0, 0.6946222312566914],
  "kpoints": {
    "GAMMA": [0.0, 0.0, 0.0],
    "R": [0.3473111156283457, 0.3473111156283457, 0.3473111156283457],
    "M": [0.3473111156283457, 0.3473111156283457, 0.0],
    "X": [0.0, 0.3473111156283457, 0.0],
    "X_1": [0.3473111156283457, 0.0, 0.0]
  },
  "kpoints_rel": {
    "GAMMA": [0.0, 0.0, 0.0],
    "R": [0.5, 0.5, 0.5],
    "M": [0.5, 0.5, 0.0],
    "X": [0.0, 0.5, 0.0],
    "X_1": [0.5, 0.0, 0.0]
  },
  "path": [
    ["GAMMA", "X"],
    ["X", "M"],
    ["M", "GAMMA"],
    ["GAMMA", "R"],
    ["R", "X"],
    ["R", "M"]
  ],
  "explicit_kpoints_rel": [
    [0.0, 0.0, 0.0],
    [0.0, 0.041666666666666664, 0.0],
    [0.0, 0.08333333333333333, 0.0],
    [0.0, 0.125, 0.0],
    [0.0, 0.16666666666666666, 0.0],
    [0.0, 0.20833333333333334, 0.0],
    [0.0, 0.25, 0.0],
    [0.0, 0.2916666666666667, 0.0],
    [0.0, 0.3333333333333333, 0.0],
    [0.0, 0.375, 0.0],
    [0.0, 0.4166666666666667, 0.0],
    [0.0, 0.4583333333333333, 0.0],
    [0.0, 0.5, 0.0],
    [0.041666666666666664, 0.5, 0.0],
    [0.08333333333333333, 0.5, 0.0],
    [0.125, 0.5, 0.0],
    [0.16666666666666666, 0.5, 0.0],
    [0.20833333333333334, 0.5, 0.0],
    [0.25, 0.5, 0.0],
    [0.2916666666666667, 0.5, 0.0],
    [0.3333333333333333, 0.5, 0.0],
    [0.375, 0.5, 0.0],
    [0.4166666666666667, 0.5, 0.0],
    [0.4583333333333333, 0.5, 0.0],
    [0.5, 0.5, 0.0],
    [0.4722222222222222, 0.4722222222222222, 0.0],
    [0.4444444444444444, 0.4444444444444444, 0.0],
    [0.4166666666666667, 0.4166666666666667, 0.0],
    [0.3888888888888889, 0.3888888888888889, 0.0],
    [0.3611111111111111, 0.3611111111111111, 0.0],
    [0.33333333333333337, 0.33333333333333337, 0.0],
    [0.3055555555555556, 0.3055555555555556, 0.0],
    [0.2777777777777778, 0.2777777777777778, 0.0],
    [0.25, 0.25, 0.0],
    [0.2222222222222222, 0.2222222222222222, 0.0],
    [0.19444444444444442, 0.19444444444444442, 0.0],
    [0.16666666666666669, 0.16666666666666669, 0.0],
    [0.1388888888888889, 0.1388888888888889, 0.0],
    [0.1111111111111111, 0.1111111111111111, 0.0],
    [0.08333333333333331, 0.08333333333333331, 0.0],
    [0.05555555555555558, 0.05555555555555558, 0.0],
    [0.02777777777777779, 0.02777777777777779, 0.0],
    [0.0, 0.0, 0.0],
    [0.021739130434782608, 0.021739130434782608, 0.021739130434782608],
    [0.043478260869565216, 0.043478260869565216, 0.043478260869565216],
    [0.06521739130434782, 0.06521739130434782, 0.06521739130434782],
    [0.08695652173913043, 0.08695652173913043, 0.08695652173913043],
    [0.10869565217391304, 0.10869565217391304, 0.10869565217391304],
    [0.13043478260869565, 0.13043478260869565, 0.13043478260869565],
    [0.15217391304347827, 0.15217391304347827, 0.15217391304347827],
    [0.17391304347826086, 0.17391304347826086, 0.17391304347826086],
    [0.1956521739130435, 0.1956521739130435, 0.1956521739130435],
    [0.21739130434782608, 0.21739130434782608, 0.21739130434782608],
    [0.2391304347826087, 0.2391304347826087, 0.2391304347826087],
    [0.2608695652173913, 0.2608695652173913, 0.2608695652173913],
    [0.2826086956521739, 0.2826086956521739, 0.2826086956521739],
    [0.30434782608695654, 0.30434782608695654, 0.30434782608695654],
    [0.32608695652173914, 0.32608695652173914, 0.32608695652173914],
    [0.34782608695652173, 0.34782608695652173, 0.34782608695652173],
    [0.3695652173913043, 0.3695652173913043, 0.3695652173913043],
    [0.391304347826087, 0.391304347826087, 0.391304347826087],
    [0.41304347826086957, 0.41304347826086957, 0.41304347826086957],
    [0.43478260869565216, 0.43478260869565216, 0.43478260869565216],
    [0.45652173913043476, 0.45652173913043476, 0.45652173913043476],
    [0.4782608695652174, 0.4782608695652174, 0.4782608695652174],
    [0.5, 0.5, 0.5],
    [0.4722222222222222, 0.5, 0.4722222222222222],
    [0.4444444444444444, 0.5, 0.4444444444444444],
    [0.4166666666666667, 0.5, 0.4166666666666667],
    [0.3888888888888889, 0.5, 0.3888888888888889],
    [0.3611111111111111, 0.5, 0.3611111111111111],
    [0.33333333333333337, 0.5, 0.33333333333333337],
    [0.3055555555555556, 0.5, 0.3055555555555556],
    [0.2777777777777778, 0.5, 0.2777777777777778],
    [0.25, 0.5, 0.25],
    [0.2222222222222222, 0.5, 0.2222222222222222],
    [0.19444444444444442, 0.5, 0.19444444444444442],
    [0.16666666666666669, 0.5, 0.16666666666666669],
    [0.1388888888888889, 0.5, 0.1388888888888889],
    [0.1111111111111111, 0.5, 0.1111111111111111],
    [0.08333333333333331, 0.5, 0.08333333333333331],
    [0.05555555555555558, 0.5, 0.05555555555555558],
    [0.02777777777777779, 0.5, 0.02777777777777779],
    [0.0, 0.5, 0.0],
    [0.5, 0.5, 0.5],
    [0.5, 0.5, 0.4583333333333333],
    [0.5, 0.5, 0.4166666666666667],
    [0.5, 0.5, 0.375],
    [0.5, 0.5, 0.33333333333333337],
    [0.5, 0.5, 0.29166666666666663],
    [0.5, 0.5, 0.25],
    [0.5, 0.5, 0.20833333333333331],
    [0.5, 0.5, 0.16666666666666669],
    [0.5, 0.5, 0.125],
    [0.5, 0.5, 0.08333333333333331],
    [0.5, 0.5, 0.041666666666666685],
    [0.5, 0.5, 0.0]
  ],